"Driver","ChannelType","Channel","SignalType","SceneAddress","Name","Key"
"SiemensS7PLCSIM","BitInput","0","BinaryInput","47","Blue Base Camera","27bb5605-7f36-4e4f-b7aa-5e7d97ebbefe"
"SiemensS7PLCSIM","BitInput","1","BinaryInput","45","Blue Lid Camera","ca62ac4e-354c-44b8-8c03-906ca8d2c84a"
"SiemensS7PLCSIM","BitInput","2","BinaryInput","43","Green Base Camera","920c4621-b24a-4281-8fe8-de6753a4ba68"
"SiemensS7PLCSIM","BitInput","3","BinaryInput","44","Green Lid Camera","d12dc050-5d5a-481b-9bd8-56206269a3b8"
"SiemensS7PLCSIM","BitInput","4","BinaryInput","46","Write Sensor","a5e3b5ca-7c91-412e-88f6-fadef325bdd5"
"SiemensS7PLCSIM","BitInput","5","BinaryInput","41","Read Sensor Sorter 1","e1fdee75-64de-4d60-994c-da9a456f7623"
"SiemensS7PLCSIM","BitInput","6","BinaryInput","42","Read Sensor Sorter 2","aa6428cb-74d9-446d-b9ee-09621d8ff1a7"
"SiemensS7PLCSIM","BitInput","7","BinaryInput","49","Reset Virtual Counter","cd1035be-09c3-41a5-b6ec-87d4bd3012b1"
"SiemensS7PLCSIM","BitInput","9","BinaryInput","33","Blue Base Grab Sensor","fe0f98d8-2b80-4914-a4d9-171f41af3d87"
"SiemensS7PLCSIM","BitInput","10","BinaryInput","66","Blue Base Positioner Sensor","df0097d2-1565-4b5e-8d8a-c2e714bd5364"
"SiemensS7PLCSIM","BitInput","11","BinaryInput","14","Blue Base Positioner (Clamp Sensor)","9d0d38ef-83d0-4ea6-b34b-bd8bdc9c131a"
"SiemensS7PLCSIM","BitInput","12","BinaryInput","51","Blue Base Stop Roller Sensor","4342cb61-c772-4cf8-85ac-eb8dcf3c2544"
"SiemensS7PLCSIM","BitInput","13","BinaryInput","38","Blue Lid Grab Sensor","f9962dd6-4b67-49ce-aac0-5ab2861babd7"
"SiemensS7PLCSIM","BitInput","14","BinaryInput","67","Blue Lid Positioner Sensor","34c9267d-5f0d-49cf-9479-cf2c33fc1aba"
"SiemensS7PLCSIM","BitInput","15","BinaryInput","16","Blue Lid Positioner (Clamp Sensor)","e8f6d0eb-131c-4189-be58-ccb755e2a4fd"
"SiemensS7PLCSIM","BitInput","16","BinaryInput","50","Blue Lid Stop Roller Sensor","0b4caae4-e0a5-4f10-b762-049fe899e833"
"SiemensS7PLCSIM","BitInput","17","BinaryInput","23","Green Base Grab Sensor","82f3a775-b0b7-4504-a814-7cbc86ab223a"
"SiemensS7PLCSIM","BitInput","18","BinaryInput","65","Green Base Positioner Sensor","99b35c9c-5125-4d01-ba9d-ff8a5f893dd4"
"SiemensS7PLCSIM","BitInput","19","BinaryInput","18","Green Base Positioner(Clamp Sensor","933b11cf-effa-4f89-abe4-bb1b65130e31"
"SiemensS7PLCSIM","BitInput","20","BinaryInput","53","Green Base Stop Roller Sensor","3cf2c2e7-727d-4cf2-b7f6-a14ad8bdb2ba"
"SiemensS7PLCSIM","BitInput","21","BinaryInput","28","Green Lid Grab Sensor","d170308c-c0fc-479b-aa09-75fb973efb85"
"SiemensS7PLCSIM","BitInput","22","BinaryInput","48","Green Lid Positioner Sensor","1c37a0f0-7a51-4773-8f53-77cdb985b7b1"
"SiemensS7PLCSIM","BitInput","23","BinaryInput","20","Green Lid Positioner (Clamp Sensor)","335b9a24-62f6-4973-8acc-4ae52ee76264"
"SiemensS7PLCSIM","BitInput","24","BinaryInput","52","Green Lid Stop Roller Sensor","2c331416-4817-4261-b274-35af093ed879"
"SiemensS7PLCSIM","BitInput","25","BinaryInput","54","Stop Entrance Belt Sensor","8f1a0482-18ae-472a-b7ce-f33796b844e7"
"SiemensS7PLCSIM","BitInput","26","BinaryInput","0","Machining Center  (Is Busy)","a2f98e30-3c05-4121-b0f3-d134ba7ff0d1"
"SiemensS7PLCSIM","BitInput","27","BinaryInput","2","Machining Center  (Opened)","133a92d4-3f5e-487f-8b69-1139e4af70d9"
"SiemensS7PLCSIM","BitInput","28","BinaryInput","1","Machining Center (Has Error)","628645c9-cd2b-4616-8b8e-1cd463db12f9"
"SiemensS7PLCSIM","BitInput","29","BinaryInput","5","Stacker Crane Blue Base Left Limit","728752ed-b1f7-44f0-8f8b-2ea84385faea"
"SiemensS7PLCSIM","BitInput","30","BinaryInput","6","Stacker Crane Blue Base Middle Limit","23ee1636-cff9-40d2-89ed-995459912508"
"SiemensS7PLCSIM","BitInput","31","BinaryInput","7","Stacker Crane Blue Base Right Limit","98ba459e-9fcb-4a9b-848f-e6ad777894a9"
"SiemensS7PLCSIM","BitInput","32","BinaryInput","3","Stacker Crane Blue Base Moving-X","677dc316-c38b-47fa-ba6c-33c2ff2ad5a8"
"SiemensS7PLCSIM","BitInput","33","BinaryInput","4","Stacker Crane Blue Base Moving-Z","e6917ec0-b6dd-440d-b9e4-5c8e747e732e"
"SiemensS7PLCSIM","BitInput","34","BinaryInput","70","Stacker Crane Blue Base Loader Sensor","835fc627-926d-4539-9ddc-85838330e925"
"SiemensS7PLCSIM","BitInput","35","BinaryInput","73","Blue Base Conv Roller Sensor","f285a3b7-cfac-4879-bb22-2bd88c6f7273"
"SiemensS7PLCSIM","BitInput","36","BinaryInput","62","Stacker Crane Blue Lid Left Limit","e4af0696-3a29-4e84-815a-9e4ec268954a"
"SiemensS7PLCSIM","BitInput","37","BinaryInput","63","Stacker Crane Blue Lid Middle Limit","9bd37fbb-8794-4b09-a2d4-87f8cd3c5abf"
"SiemensS7PLCSIM","BitInput","38","BinaryInput","64","Stacker Crane Blue Lid Right Limit","0cf4ab98-ed25-49ac-8384-e995cedefb81"
"SiemensS7PLCSIM","BitInput","39","BinaryInput","60","Stacker Crane Blue Lid Moving-X","15194e69-0a91-4de7-9815-a1c37522c82f"
"SiemensS7PLCSIM","BitInput","40","BinaryInput","61","Stacker Crane Blue Lid Moving-Z","734ad5f9-cff5-4168-9dfd-e03a34650c29"
"SiemensS7PLCSIM","BitInput","41","BinaryInput","71","Stacker Crane Blue Lid Loader Sensor","ed3a03a0-5fee-4d36-bf4a-82afd105449e"
"SiemensS7PLCSIM","BitInput","42","BinaryInput","72","Blue Lid Conv Roller Sensor","8f56a4b0-c507-4577-ba23-47e7b50286b2"
"SiemensS7PLCSIM","BitInput","43","BinaryInput","10","Stacker Crane Green Base Left Limit","80b05c5d-4fde-4d94-b719-4e5d6105b196"
"SiemensS7PLCSIM","BitInput","44","BinaryInput","11","Stacker Crane Green Base Middle Limit","9355c34b-4e0b-4534-96cf-528596d2e7d8"
"SiemensS7PLCSIM","BitInput","45","BinaryInput","12","Stacker Crane Green Base Right Limit","8cbd46d2-ba90-4ea4-a44b-61d8d796aea2"
"SiemensS7PLCSIM","BitInput","46","BinaryInput","8","Stacker Crane Green Base Moving-X","c9d62fdb-6697-4090-a869-d4cad80f05b9"
"SiemensS7PLCSIM","BitInput","47","BinaryInput","9","Stacker Crane Green Base Moving-Z","d0a250ac-4bd8-4ef4-acb8-a96e36fa47f0"
"SiemensS7PLCSIM","BitInput","48","BinaryInput","69","Stacker Crane Green Base Loader Sensor","71db9038-f092-4dd5-8ed4-a3dbeb336b08"
"SiemensS7PLCSIM","BitInput","49","BinaryInput","74","Green Base Conv Roller Sensor","964aac3d-51ac-4404-ba47-414edaaec553"
"SiemensS7PLCSIM","BitInput","50","BinaryInput","57","Stacker Crane Green Lid Left Limit","55145487-e70f-49a9-bc1b-355f4b3b80b3"
"SiemensS7PLCSIM","BitInput","51","BinaryInput","58","Stacker Crane Green Lid Middle Limit","e533950c-5723-43dc-b730-6709e25d98b0"
"SiemensS7PLCSIM","BitInput","52","BinaryInput","59","Stacker Crane Green Lid Right Limit","edc9034b-d788-40cf-ad40-8e30493e996b"
"SiemensS7PLCSIM","BitInput","53","BinaryInput","55","Stacker Crane Green Lid Moving-X","10115b85-49d9-4cca-aa31-90df104f348b"
"SiemensS7PLCSIM","BitInput","54","BinaryInput","56","Stacker Crane Green Lid Moving-Z","22fe849c-048b-4bec-9a42-f80532eb04d7"
"SiemensS7PLCSIM","BitInput","55","BinaryInput","68","Stacker Crane Green Lid Loader Sensor","14271ab6-79bd-40c4-a568-be74066bb261"
"SiemensS7PLCSIM","BitInput","56","BinaryInput","75","Green Lid Conv Roller Sensor","18d1c6d5-97af-40d7-8933-19029caa727b"
"SiemensS7PLCSIM","BitInput","57","BinaryInput","82","Start Button","e53a369c-7442-493e-bb27-905fb03109f5"
"SiemensS7PLCSIM","BitInput","58","BinaryInput","83","Stop Button ","47bea7dc-b564-4fca-97ca-30761004a931"
"SiemensS7PLCSIM","BitInput","59","BinaryInput","84","Emergency Stop Panel","f12f6507-ed1d-437b-b79d-d74f19702875"
"SiemensS7PLCSIM","BitInput","60","BinaryInput","76","Safety Door 1","ca021daf-d242-4d49-b328-429659eebb36"
"SiemensS7PLCSIM","BitInput","61","BinaryInput","77","Safety Door 2","37d85af8-de4b-4363-b4c0-d80499a78bb1"
"SiemensS7PLCSIM","BitInput","62","BinaryInput","78","Safety Door 3","fc490513-f73b-4436-b742-6598e4747bdb"
"SiemensS7PLCSIM","BitInput","63","BinaryInput","79","Safety Door 4","617bf0b8-1465-45ed-8aa4-13022eb283c4"
"SiemensS7PLCSIM","BitInput","64","BinaryInput","80","Safety Door 5","dc7f4cfd-33f0-4b63-99ca-443eaa29568b"
"SiemensS7PLCSIM","BitInput","65","BinaryInput","81","Safety Door 6","6838d2de-1a6a-475b-89bf-2f6e7acb0db2"
"SiemensS7PLCSIM","BitOutput","0","BinaryOutput","9","Sorter 1 Forward and Power","88759be3-0604-4bd7-8555-78674c22d1af"
"SiemensS7PLCSIM","BitOutput","1","BinaryOutput","8","Sorter 1 Blue Lid","bdc7cac9-ea58-4f4c-a153-c65526b0818c"
"SiemensS7PLCSIM","BitOutput","2","BinaryOutput","7","Sorter 1 Green Lid","d621ae1c-66fb-4973-86b9-793f0809c132"
"SiemensS7PLCSIM","BitOutput","3","BinaryOutput","13","Sorter 2 Forward and Power","fb57729f-675b-432c-96c4-cabac20c62fe"
"SiemensS7PLCSIM","BitOutput","4","BinaryOutput","12","Sorter 2 Blue Base","91e8fb7c-a4db-4f59-926e-2b8bbf31e316"
"SiemensS7PLCSIM","BitOutput","5","BinaryOutput","11","Sorter 2 Green Base","dd58c4ce-7a67-4c75-bb4c-51e34a23c013"
"SiemensS7PLCSIM","BitOutput","7","BinaryOutput","41","Blue Base  Positioner (Clamp)","b36ecccd-0045-476f-b936-50c38eb9430f"
"SiemensS7PLCSIM","BitOutput","8","BinaryOutput","88","Blue Base Grab","559a8e6c-559b-4b54-9b20-c15286fbca34"
"SiemensS7PLCSIM","BitOutput","9","BinaryOutput","86","Blue Base Roller 1","a33ce3e0-859b-4daa-afee-1459695e2e50"
"SiemensS7PLCSIM","BitOutput","10","BinaryOutput","43","Blue Lid Positioner (Clamp)","1a0f5cd6-3dd0-4352-b03a-659eba3ddb34"
"SiemensS7PLCSIM","BitOutput","11","BinaryOutput","82","Blue Lid Grab","23274b6c-ae92-4b20-b6dd-6c74e552e15a"
"SiemensS7PLCSIM","BitOutput","12","BinaryOutput","38","Blue Lid Roller 1","87a0a2b8-2247-4236-b60a-cc337734e62e"
"SiemensS7PLCSIM","BitOutput","13","BinaryOutput","45","Green Base Positioner (Clamp)","4910f613-ebe4-4c91-b23b-40eb13cc54b1"
"SiemensS7PLCSIM","BitOutput","14","BinaryOutput","58","Green Base Grab","a8944161-2ee5-49c1-a6bc-88cc0957c2ad"
"SiemensS7PLCSIM","BitOutput","15","BinaryOutput","48","Green Base Roller 1","36f85aa6-b927-4dae-bc78-7853e2934bb4"
"SiemensS7PLCSIM","BitOutput","16","BinaryOutput","47","Green Lid Positioner (Clamp)","746cee55-61fb-48de-86c3-4ccb9eab7058"
"SiemensS7PLCSIM","BitOutput","17","BinaryOutput","54","Green Lid Grab","3ead9c1c-9a95-466a-8507-8ce478b232be"
"SiemensS7PLCSIM","BitOutput","18","BinaryOutput","30","Green Lid Roller 1","6105fa84-d59d-4813-85d2-64597f246c71"
"SiemensS7PLCSIM","BitOutput","19","BinaryOutput","0","Entrance belt","1077c367-54a4-4495-9af8-b8598516de05"
"SiemensS7PLCSIM","BitOutput","20","BinaryOutput","2","Machining Center (1 Lids 0 Base)","23ba7a22-2c3b-42d0-8b85-8b9f86d5d591"
"SiemensS7PLCSIM","BitOutput","21","BinaryOutput","3","Machining Center (Start)","dd3ae441-6a39-42e0-8733-1c2704c399b2"
"SiemensS7PLCSIM","BitOutput","22","BinaryOutput","4","Machining Center (Stop)","de628ab9-95e9-440f-996e-8d8250a59602"
"SiemensS7PLCSIM","BitOutput","23","BinaryOutput","5","Machining Center (Reset)","6591b665-603e-4f18-b869-5cb215380eb1"
"SiemensS7PLCSIM","BitOutput","25","BinaryOutput","32","Stacker Crane Blue Base (Left)","3a1da313-07c4-4568-ad74-68164b5372cc"
"SiemensS7PLCSIM","BitOutput","26","BinaryOutput","33","Stacker Crane Blue Base (Right)","22296da2-efa0-45d2-97f1-5d227965c069"
"SiemensS7PLCSIM","BitOutput","27","BinaryOutput","34","Stacker Crane Blue Base Lift","bbd765dd-cbd9-4b7e-8eb4-2b832849e38f"
"SiemensS7PLCSIM","BitOutput","28","BinaryOutput","69","Stacker Crane Blue Lid (Left)","21c71aa1-66de-4b6b-8190-d2a2274a5967"
"SiemensS7PLCSIM","BitOutput","29","BinaryOutput","79","Stacker Crane Blue Lid (Right)","e8bc535a-ae78-4ba1-a844-4d4a14ffacb0"
"SiemensS7PLCSIM","BitOutput","30","BinaryOutput","81","Stacker Crane Blue Lid Lift","ee928de7-e1af-468d-b9d7-e860b4e0dab4"
"SiemensS7PLCSIM","BitOutput","31","BinaryOutput","35","Stacker Crane Green Base (Left)","742200fe-39f4-4a0c-8bb1-50e7fe6d7ca4"
"SiemensS7PLCSIM","BitOutput","32","BinaryOutput","36","Stacker Crane Green Base (Right)","10c9062e-a202-45a3-b0dc-c2a7be8a604f"
"SiemensS7PLCSIM","BitOutput","33","BinaryOutput","37","Stacker Crane Green Base Lift","0f3f5d89-40bb-402c-b6ba-8fc52e385310"
"SiemensS7PLCSIM","BitOutput","34","BinaryOutput","66","Stacker Crane Green Lid (Left)","c42a6775-7ea9-4dbb-8879-a9643c415041"
"SiemensS7PLCSIM","BitOutput","35","BinaryOutput","74","Stacker Crane Green Lid (Right)","8ec038bf-b1ec-4609-881f-ee515ff81074"
"SiemensS7PLCSIM","BitOutput","36","BinaryOutput","75","Stacker Crane Green Lid Lift","427d12f1-94e3-4dfa-9b92-9df2b3605f5d"
"SiemensS7PLCSIM","BitOutput","37","BinaryOutput","68","Loading Conveyor Blue Base","5506748b-87ac-4044-8bda-52e4ea032839"
"SiemensS7PLCSIM","BitOutput","38","BinaryOutput","80","Loading Conveyor Blue Lid","935d597b-36bb-4676-8cf5-9289e1828e16"
"SiemensS7PLCSIM","BitOutput","39","BinaryOutput","26","Loading Conveyor Green Base","69d3be65-81ff-4990-8521-76a8a359da51"
"SiemensS7PLCSIM","BitOutput","40","BinaryOutput","39","Loading Conveyor Green Lid","e14f9969-aec3-46ae-b122-8e0214d97c10"
"SiemensS7PLCSIM","BitOutput","42","BinaryOutput","73","Blue Base Roller 4","842a9ce9-2405-4c4a-9662-23678e8dcbb0"
"SiemensS7PLCSIM","BitOutput","43","BinaryOutput","71","Blue Lid Roller 5","94c9b65a-c70a-446e-888e-a999bb68a360"
"SiemensS7PLCSIM","BitOutput","44","BinaryOutput","22","Green Base Roller 4","a4a0f295-633c-4abd-b16f-5b0bb43db8e3"
"SiemensS7PLCSIM","BitOutput","45","BinaryOutput","50","Green Lid Roller 5","73c02dc6-f4c4-48cd-b2b2-a391db822f91"
"SiemensS7PLCSIM","BitOutput","47","BinaryOutput","14","Blue Base Belt 1","351f0bdb-bc71-489f-9f57-b69bdca12949"
"SiemensS7PLCSIM","BitOutput","48","BinaryOutput","24","Blue Base Belt 2","10f892b6-16bb-4516-8cf5-8e98617fa788"
"SiemensS7PLCSIM","BitOutput","49","BinaryOutput","19","Blue Base Belt 3","3546b019-1765-4ac8-ac51-0d682b56d2a6"
"SiemensS7PLCSIM","BitOutput","50","BinaryOutput","77","Blue Base Roller 2","1a3874ab-b8be-43cf-9226-b2140eed1403"
"SiemensS7PLCSIM","BitOutput","51","BinaryOutput","76","Blue Base Roller 3","516c76a9-1e46-4b46-8772-1ef2ed6b9374"
"SiemensS7PLCSIM","BitOutput","52","BinaryOutput","18","Blue Lid Belt 1","903bbf85-e419-4682-887f-54d18566a29e"
"SiemensS7PLCSIM","BitOutput","53","BinaryOutput","20","Blue Lid Belt 2","000d2547-a480-45ee-9b25-f462e3531b80"
"SiemensS7PLCSIM","BitOutput","54","BinaryOutput","31","Blue Lid Roller 2","92206f44-d100-43a0-94ff-122035aa4b16"
"SiemensS7PLCSIM","BitOutput","55","BinaryOutput","28","Blue Lid Roller 3","48d2895f-c004-42cc-a490-2977f3924db0"
"SiemensS7PLCSIM","BitOutput","56","BinaryOutput","21","Blue Lid Roller 4","c8c8f17d-8622-458d-956e-fef00ab4e369"
"SiemensS7PLCSIM","BitOutput","57","BinaryOutput","15","Green Base Belt 1","7f16a39d-3ef5-47af-8e68-656e79843447"
"SiemensS7PLCSIM","BitOutput","58","BinaryOutput","25","Green Base Belt 2","7b9294bd-c890-4eae-aaf9-5c1e7ba730cd"
"SiemensS7PLCSIM","BitOutput","59","BinaryOutput","23","Green Base Belt 3","298974fc-8d10-460c-aab2-da1caef12aec"
"SiemensS7PLCSIM","BitOutput","60","BinaryOutput","64","Green Base Roller 2","bf9a5a50-ad97-4933-9226-7931e6b7b864"
"SiemensS7PLCSIM","BitOutput","61","BinaryOutput","53","Green Base Roller 3","421fb64d-add7-41c4-852d-10f20cc8c43e"
"SiemensS7PLCSIM","BitOutput","62","BinaryOutput","70","Green Lid Belt 1","c547345b-b798-4d0b-99de-5f94dd568322"
"SiemensS7PLCSIM","BitOutput","63","BinaryOutput","17","Green Lid Belt 2","cbc02fa2-cdcd-4c0f-afa9-a78b461f7f65"
"SiemensS7PLCSIM","BitOutput","64","BinaryOutput","29","Green Lid Roller 2","56018d75-a710-4568-962d-7e76a23e3ec2"
"SiemensS7PLCSIM","BitOutput","65","BinaryOutput","49","Green Lid Roller 3","28dd90f1-57c7-4402-9e1a-f6195f83f89f"
"SiemensS7PLCSIM","BitOutput","66","BinaryOutput","16","Green Lid Roller 4","9aeb3771-bd18-4a5b-b0bf-ae268df6f6e9"
"SiemensS7PLCSIM","BitOutput","67","BinaryOutput","6","Exit Belt Sorter 1","7609ff68-0ba5-4dcb-824c-1d8a704397f7"
"SiemensS7PLCSIM","BitOutput","68","BinaryOutput","10","Exit Belt Sorter 2","3a588555-26ca-4633-8614-4e4767174706"
"SiemensS7PLCSIM","BitOutput","69","BinaryOutput","112","Working","330082dd-49b8-4996-b846-ba97256bb4d5"
"SiemensS7PLCSIM","BitOutput","70","BinaryOutput","113","Stop","1340fbec-39c9-45cd-9144-718913f8258e"
"SiemensS7PLCSIM","BitOutput","71","BinaryOutput","108","Emergency Stop Panel","8c58eee0-5e96-48b4-9317-9b05c1342980"
"SiemensS7PLCSIM","BitOutput","72","BinaryOutput","72","Stack Light 1 (Red)","7706f8b0-6738-4336-820c-79e3f9d1aa2b"
"SiemensS7PLCSIM","BitOutput","73","BinaryOutput","94","Stack Light 2 (Red)","875aa59a-6cb3-4fa6-ac0e-693220dac321"
"SiemensS7PLCSIM","BitOutput","74","BinaryOutput","97","Stack Light 3 (Red)","d2102f66-7846-42da-85d2-0c508a4f86ee"
"SiemensS7PLCSIM","BitOutput","75","BinaryOutput","104","Stack Light 4 (Red)","c1ac1225-e7ea-4d28-a97e-32fc8acd1e1c"
"SiemensS7PLCSIM","BitOutput","76","BinaryOutput","93","Stack Light 1 (Green)","9379e5be-19ea-455c-9b88-e0eb33a0e6ab"
"SiemensS7PLCSIM","BitOutput","77","BinaryOutput","96","Stack Light 2 (Green)","b7f72a34-25e9-4699-ad2a-78f5922462d8"
"SiemensS7PLCSIM","BitOutput","78","BinaryOutput","99","Stack Light 3 (Green)","be09a2b7-6a1f-45b6-a640-95cd261f8787"
"SiemensS7PLCSIM","BitOutput","79","BinaryOutput","106","Stack Light 4 (Green)","5b73899c-c101-4231-9c1e-4514e9ca53ca"
"SiemensS7PLCSIM","BitOutput","80","BinaryOutput","78","Stack Light 1 (Yellow)","7cbb3583-498c-4e55-9cac-8965497a7d37"
"SiemensS7PLCSIM","BitOutput","81","BinaryOutput","95","Stack Light 2 (Yellow)","6b3dd309-d317-4989-85b7-372061ba1a29"
"SiemensS7PLCSIM","BitOutput","82","BinaryOutput","98","Stack Light 3 (Yellow)","15b5371f-c9ca-474a-bd0b-63f121728786"
"SiemensS7PLCSIM","BitOutput","83","BinaryOutput","105","Stack Light 4 (Yellow)","19d6be56-2e9c-491b-8f48-1222e9eb30f0"
"SiemensS7PLCSIM","BitOutput","84","BinaryOutput","102","Alarm Siren 1","c7d9eb75-5593-4743-a540-63114cbfa369"
"SiemensS7PLCSIM","BitOutput","85","BinaryOutput","103","Alarm Siren 2","edb0087a-0e99-4ea7-a2ed-3ac078f037ff"
"SiemensS7PLCSIM","BitOutput","86","BinaryOutput","101","Alarm Siren 3","c65bd0b5-f238-477c-bc55-b4dc7bdb3c0f"
"SiemensS7PLCSIM","BitOutput","87","BinaryOutput","100","Alarm Siren 4","97e077b4-bce7-4df2-8422-9b96ea8955ad"
"SiemensS7PLCSIM","BitOutput","88","BinaryOutput","107","Alarm Siren 5","2a637b60-9c6a-427f-8914-5c0c4ace7f8e"
"SiemensS7PLCSIM","NumericInput","0","AnalogueInput","4","Blue Base X Position Sensor","0941a890-806b-458e-920b-2be05692608f"
"SiemensS7PLCSIM","NumericInput","1","AnalogueInput","3","Blue Base Z Position Sensor","5cc89033-dfa2-4be4-8597-715a7234f1bc"
"SiemensS7PLCSIM","NumericInput","2","AnalogueInput","7","Blue Lid X Position Sensor","ec95b2cd-fb2a-47d0-8713-4db5cb5b3794"
"SiemensS7PLCSIM","NumericInput","3","AnalogueInput","6","Blue Lid Z Position Sensor","d0237a45-49f4-403c-b7e2-8f90dd35c11f"
"SiemensS7PLCSIM","NumericInput","4","AnalogueInput","1","Green Base X Position Sensor","4ad346f4-e007-4439-8337-1fe78277ce0f"
"SiemensS7PLCSIM","NumericInput","5","AnalogueInput","0","Green Base Z Position Sensor","55df8895-f3a2-43c0-86b7-368688cf0333"
"SiemensS7PLCSIM","NumericInput","6","AnalogueInput","5","Green Lid X Position Sensor","765a1c78-cda7-494e-ad9c-18311a9e7b73"
"SiemensS7PLCSIM","NumericInput","7","AnalogueInput","2","Green Lid Z Position Sensor","633fa08c-d00e-4c74-a105-4874e3edfa7e"
"SiemensS7PLCSIM","NumericInput","8","IntInput","0","Machining Center  (Progress)","e541cf13-2ca6-47dc-bb01-c202a923986b"
"SiemensS7PLCSIM","NumericOutput","0","AnalogueOutput","4","Blue Base X Set Point","8308fb3b-917a-4563-af43-82dbf84927d4"
"SiemensS7PLCSIM","NumericOutput","1","AnalogueOutput","3","Blue Base Z Set Point","7cf05b71-5d5a-4715-a346-e780f4aa7293"
"SiemensS7PLCSIM","NumericOutput","2","AnalogueOutput","7","Blue Lid X Set Point","fdfb6206-f61e-4d96-a915-47ca25aab2f4"
"SiemensS7PLCSIM","NumericOutput","3","AnalogueOutput","6","Blue Lid Z Set Point","a8e24977-9b56-429e-a18d-30b9a39c8a62"
"SiemensS7PLCSIM","NumericOutput","4","AnalogueOutput","1","Green Base X Set Point","af25c791-340f-4e58-b629-54eb0b0bf2c2"
"SiemensS7PLCSIM","NumericOutput","5","AnalogueOutput","0","Green Base Z Set Point","5cef9fd9-d9bf-421e-85c8-8ea91c34fd7d"
"SiemensS7PLCSIM","NumericOutput","6","AnalogueOutput","5","Green Lid X Set Point","e3e8b58a-556f-46cc-ae4e-899f8fdfe06c"
"SiemensS7PLCSIM","NumericOutput","7","AnalogueOutput","2","Green Lid Z Set point","ed74cdcd-60b9-4983-99e7-f56f3620cf74"
"SiemensS7PLCSIM","NumericOutput","8","IntOutput","0","Stacker Crane Blue Base Target Position","7b5107a7-9fac-4bc7-9320-94edae1ae8bd"
"SiemensS7PLCSIM","NumericOutput","9","IntOutput","2","Stacker Crane Blue Lid Target Position","b2efb097-c616-49ab-b278-c951d3a0c1c4"
"SiemensS7PLCSIM","NumericOutput","10","IntOutput","1","Stacker Crane Green Base Target Position","e6786aab-40c6-4570-a40c-97918df01109"
"SiemensS7PLCSIM","NumericOutput","11","IntOutput","3","Stacker Crane Green Lid Target Position","d5195f23-9e3e-4cb6-9a4b-89afdb1f6746"
